Jill,Doe
Joe,Doe
Justin,Doe
Jaaaane,Dooooe
John,Doe
Vasya,Petrov
Jill,Doe
Joe,Doe
Justin,Doe
Jane,Doe
John,Doe
Vasya,Petrov
Jill,Doe
Joe,Doe
Justin,Doe
Jane,Doe
John,Doe
Vasya,Petrov
Jill,Doe
Joe,Doe
Justin,Doe
Jane,Doe
John,Doe
Vasya,Petrov
Jill,Doe
Joe,Doe
Justin,Doe
Jane,Doe
John,Doe
Vasya,Petrov
Jill,Doe
Joe,Doe
Justin,Doe
Jane,Doe
John,Doe
Vasya,Petrov
Jill,Doe
Joe,Doe
Justin,Doe
Jane,Doe
John,Doe
Vasya,Petrov
Jill,Doe
Joe,Doe
Justin,Doe
Jane,Doe
John,Doe
Vasya,Petrov
Jill,Doe
Joe,Doe
Justin,Doe
Jane,Doe
John,Doe
Vasya,Petrov
Jill,Doe
Joe,Doe
Justin,Doe
Jane,Doe
John,Doe
Vasya,Petrov
Jill,Doe
Joe,Doe
Justin,Doe
Jane,Doe
John,Doe
Vasya,Petrov
Jill,Doe
Joe,Doe
Justin,Doe
Jane,Doe
John,Doe
Vasya,Petrov
Jill,Doe
Joe,Doe
Justin,Doe
Jane,Doe
John,Doe
Vasya,Petrov
Jill,Doe
Joe,Doe
Justin,Doe
Jane,Doe
John,Doe
Vasya,Petrov
Jill,Doe
Joe,Doe
Justin,Doe
Jane,Doe
John,Doe
Vasya,Petrov
Jill,Doe
Joe,Doe
Justin,Doe
Jane,Doe
John,Doe
Vasya,Petrov
Jill,Doe
Joe,Doe
Justin,Doe
Jane,Doe
John,Doe
Vasya,Petrov
Jill,Doe
Joe,Doe
Justin,Doe
Jane,Doe
John,Doe
Vasya,Petrov
Jill,Doe
Joe,Doe
Justin,Doe
Jane,Doe
John,Doe
Vasya,Petrov
Jill,Doe
Joe,Doe
Justin,Doe
Jane,Doe
John,Doe
Vasya,Petrov
Jill,Doe
Joe,Doe
Justin,Doe
Jane,Doe
John,Doe
Vasya,Petrov
Jill,Doe
Joe,Doe
Justin,Doe
Jane,Doe
John,Doe
Vasya,Petrov
Jill,Doe
Joe,Doe
Justin,Doe
Jane,Doe
John,Doe
Vasya,Petrov
Jill,Doe
Joe,Doe
Justin,Doe
Jane,Doe
John,Doe
Vasya,Petrov
Jill,Doe
Joe,Doe
Justin,Doe
Jane,Doe
John,Doe
Vasya,Petrov
Jill,Doe
Joe,Doe
Justin,Doe
Jane,Doe
John,Doe
Vasya,Petrov
Jill,Doe
Joe,Doe
Justin,Doe
Jane,Doe
John,Doe
Vasya,Petrov
Jill,Doe
Joe,Doe
Justin,Doe
Jane,Doe
John,Doe
Vasya,Petrov
Jill,Doe
Joe,Doe
Justin,Doe
Jane,Doe
John,Doe
Vasya,Petrov
Jill,Doe
Joe,Doe
Justin,Doe
Jane,Doe
John,Doe
Vasya,Petrov
Jill,Doe
Joe,Doe
Justin,Doe
Jane,Doe
John,Doe
Vasya,Petrov
Jill,Doe
Joe,Doe
Justin,Doe
Jane,Doe
John,Doe
Vasya,Petrov
Jill,Doe
Joe,Doe
Justin,Doe
Jane,Doe
John,Doe
Vasya,Petrov
Jill,Doe
Joe,Doe
Justin,Doe
Jane,Doe
John,Doe
Vasya,Petrov
Jill,Doe
Joe,Doe
Justin,Doe
Jane,Doe
John,Doe
Vasya,Petrov
Jill,Doe
Joe,Doe
Justin,Doe
Jane,Doe
John,Doe
Vasya,Petrov
Jill,Doe
Joe,Doe
Justin,Doe
Jane,Doe
John,Doe
Vasya,Petrov
Jill,Doe
Joe,Doe
Justin,Doe
Jane,Doe
John,Doe
Vasya,Petrov
Jill,Doe
Joe,Doe
Justin,Doe
Jane,Doe
John,Doe
Vasya,Petrov
Jill,Doe
Joe,Doe
Justin,Doe
Jane,Doe
John,Doe
Vasya,Petrov
Jill,Doe
Joe,Doe
Justin,Doe
Jane,Doe
John,Doe
Vasya,Petrov
Jill,Doe
Joe,Doe
Justin,Doe
Jane,Doe
John,Doe
Vasya,Petrov
Jill,Doe
Joe,Doe
Justin,Doe
Jane,Doe
John,Doe
Vasya,Petrov
Jill,Doe
Joe,Doe
Justin,Doe
Jane,Doe
John,Doe
Vasya,Petrov
Jill,Doe
Joe,Doe
Justin,Doe
Jane,Doe
John,Doe
Vasya,Petrov
Jill,Doe
Joe,Doe
Justin,Doe
Jane,Doe
John,Doe
Vasya,Petrov
Jill,Doe
Joe,Doe
Justin,Doe
Jane,Doe
John,Doe
Vasya,Petrov
Jill,Doe
Joe,Doe
Justin,Doe
Jane,Doe
John,Doe
Vasya,Petrov
Jill,Doe
Joe,Doe
Justin,Doe
Jane,Doe
John,Doe
Vasya,Petrov
Jill,Doe
Joe,Doe
Justin,Doe
Jane,Doe
John,Doe
Vasya,Petrov
Jill,Doe
Joe,Doe
Justin,Doe
Jane,Doe
John,Doe
Vasya,Petrov
Jill,Doe
Joe,Doe
Justin,Doe
Jane,Doe
John,Doe
Vasya,Petrov
Jill,Doe
Joe,Doe
Justin,Doe
Jane,Doe
John,Doe
Vasya,Petrov
Jill,Doe
Joe,Doe
Justin,Doe
Jane,Doe
John,Doe
Vasya,Petrov
Jill,Doe
Joe,Doe
Justin,Doe
Jane,Doe
John,Doe
Vasya,Petrov
Jill,Doe
Joe,Doe
Justin,Doe
Jane,Doe
John,Doe
Vasya,Petrov
Jill,Doe
Joe,Doe
Justin,Doe
Jane,Doe
John,Doe
Vasya,Petrov
Jill,Doe
Joe,Doe
Justin,Doe
Jane,Doe
John,Doe
Vasya,Petrov
Jill,Doe
Joe,Doe
Justin,Doe
Jane,Doe
John,Doe
Vasya,Petrov
Jill,Doe
Joe,Doe
Justin,Doe
Jane,Doe
John,Doe
Vasya,Petrov
Jill,Doe
Joe,Doe
Justin,Doe
Jane,Doe
John,Doe
Vasya,Petrov
Jill,Doe
Joe,Doe
Justin,Doe
Jane,Doe
John,Doe
Vasya,Petrov
Jill,Doe
Joe,Doe
Justin,Doe
Jane,Doe
John,Doe
Vasya,Petrov
Jill,Doe
Joe,Doe
Justin,Doe
Jane,Doe
John,Doe
Vasya,Petrov
Jill,Doe
Joe,Doe
Justin,Doe
Jane,Doe
John,Doe
Vasya,Petrov
Jill,Doe
Joe,Doe
Justin,Doe
Jane,Doe
John,Doe
Vasya,Petrov
Jill,Doe
Joe,Doe
Justin,Doe
Jane,Doe
John,Doe
Vasya,Petrov
Jill,Doe
Joe,Doe
Justin,Doe
Jane,Doe
John,Doe
Vasya,Petrov
Jill,Doe
Joe,Doe
Justin,Doe
Jane,Doe
John,Doe
Vasya,Petrov
Jill,Doe
Joe,Doe
Justin,Doe
Jane,Doe
John,Doe
Vasya,Petrov
Jill,Doe
Joe,Doe
Justin,Doe
Jane,Doe
John,Doe
Vasya,Petrov
Jill,Doe
Joe,Doe
Justin,Doe
Jane,Doe
John,Doe
Vasya,Petrov
Jill,Doe
Joe,Doe
Justin,Doe
Jane,Doe
John,Doe
Vasya,Petrov
Jill,Doe
Joe,Doe
Justin,Doe
Jane,Doe
John,Doe
Vasya,Petrov
Jill,Doe
Joe,Doe
Justin,Doe
Jane,Doe
John,Doe
Vasya,Petrov
Jill,Doe
Joe,Doe
Justin,Doe
Jane,Doe
John,Doe
Vasya,Petrov
Jill,Doe
Joe,Doe
Justin,Doe
Jane,Doe
John,Doe
Vasya,Petrov
Jill,Doe
Joe,Doe
Justin,Doe
Jane,Doe
John,Doe
Vasya,Petrov
Jill,Doe
Joe,Doe
Justin,Doe
Jane,Doe
John,Doe
Vasya,Petrov
Jill,Doe
Joe,Doe
Justin,Doe
Jane,Doe
John,Doe
Vasya,Petrov
Jill,Doe
Joe,Doe
Justin,Doe
Jane,Doe
John,Doe
Vasya,Petrov
Jill,Doe
Joe,Doe
Justin,Doe
Jane,Doe
John,Doe
Vasya,Petrov
Jill,Doe
Joe,Doe
Justin,Doe
Jane,Doe
John,Doe
Vasya,Petrov
Jill,Doe
Joe,Doe