Jill,Doe4
Joe,Doe4
Justin,Doe4
Jaaaane,Dooooe4
John,Doe4
Vasya,Petrov4
Jill,Doe4
Joe,Doe4
Justin,Doe4
Jane,Doe4
John,Doe4
Vasya,Petrov4
Jill,Doe4
Joe,Doe4
Justin,Doe4
Jane,Doe4
John,Doe4
Vasya,Petrov4
Jill,Doe4
Joe,Doe4
Justin,Doe4
Jane,Doe4
John,Doe4
Vasya,Petrov4
Jill,Doe4
Joe,Doe4
Justin,Doe4
Jane,Doe4
John,Doe4
Vasya,Petrov4
Jill,Doe4
Joe,Doe4
Justin,Doe4
Jane,Doe4
John,Doe4
Vasya,Petrov4
Jill,Doe4
Joe,Doe4
Justin,Doe4
Jane,Doe4
John,Doe4
Vasya,Petrov4
Jill,Doe4
Joe,Doe4
Justin,Doe4
Jane,Doe4
John,Doe4
Vasya,Petrov4
Jill,Doe4
Joe,Doe4
Justin,Doe4
Jane,Doe4
John,Doe4
Vasya,Petrov4
Jill,Doe4
Joe,Doe4
Justin,Doe4
Jane,Doe4
John,Doe4
Vasya,Petrov4
Jill,Doe4
Joe,Doe4
Justin,Doe4
Jane,Doe4
John,Doe4
Vasya,Petrov4
Jill,Doe4
Joe,Doe4
Justin,Doe4
Jane,Doe4
John,Doe4
Vasya,Petrov4
Jill,Doe4
Joe,Doe4
Justin,Doe4
Jane,Doe4
John,Doe4
Vasya,Petrov4
Jill,Doe4
Joe,Doe4
Justin,Doe4
Jane,Doe4
John,Doe4
Vasya,Petrov4
Jill,Doe4
Joe,Doe4
Justin,Doe4
Jane,Doe4
John,Doe4
Vasya,Petrov4
Jill,Doe4
Joe,Doe4
Justin,Doe4
Jane,Doe4
John,Doe4
Vasya,Petrov4
Jill,Doe4
Joe,Doe4
Justin,Doe4
Jane,Doe4
John,Doe4
Vasya,Petrov4
Jill,Doe4
Joe,Doe4
Justin,Doe4
Jane,Doe4
John,Doe4
Vasya,Petrov4
Jill,Doe4
Joe,Doe4
Justin,Doe4
Jane,Doe4
John,Doe4
Vasya,Petrov4
Jill,Doe4
Joe,Doe4
Justin,Doe4
Jane,Doe4
John,Doe4
Vasya,Petrov4
Jill,Doe4
Joe,Doe4
Justin,Doe4
Jane,Doe4
John,Doe4
Vasya,Petrov4
Jill,Doe4
Joe,Doe4
Justin,Doe4
Jane,Doe4
John,Doe4
Vasya,Petrov4
Jill,Doe4
Joe,Doe4
Justin,Doe4
Jane,Doe4
John,Doe4
Vasya,Petrov4
Jill,Doe4
Joe,Doe4
Justin,Doe4
Jane,Doe4
John,Doe4
Vasya,Petrov4
Jill,Doe4
Joe,Doe4
Justin,Doe4
Jane,Doe4
John,Doe4
Vasya,Petrov4
Jill,Doe4
Joe,Doe4
Justin,Doe4
Jane,Doe4
John,Doe4
Vasya,Petrov4
Jill,Doe4
Joe,Doe4
Justin,Doe4
Jane,Doe4
John,Doe4
Vasya,Petrov4
Jill,Doe4
Joe,Doe4
Justin,Doe4
Jane,Doe4
John,Doe4
Vasya,Petrov4
Jill,Doe4
Joe,Doe4
Justin,Doe4
Jane,Doe4
John,Doe4
Vasya,Petrov4
Jill,Doe4
Joe,Doe4
Justin,Doe4
Jane,Doe4
John,Doe4
Vasya,Petrov4
Jill,Doe4
Joe,Doe4
Justin,Doe4
Jane,Doe4
John,Doe4
Vasya,Petrov4
Jill,Doe4
Joe,Doe4
Justin,Doe4
Jane,Doe4
John,Doe4
Vasya,Petrov4
Jill,Doe4
Joe,Doe4
Justin,Doe4
Jane,Doe4
John,Doe4
Vasya,Petrov4
Jill,Doe4
Joe,Doe4
Justin,Doe4
Jane,Doe4
John,Doe4
Vasya,Petrov4
Jill,Doe4
Joe,Doe4
Justin,Doe4
Jane,Doe4
John,Doe4
Vasya,Petrov4
Jill,Doe4
Joe,Doe4
Justin,Doe4
Jane,Doe4
John,Doe4
Vasya,Petrov4
Jill,Doe4
Joe,Doe4
Justin,Doe4
Jane,Doe4
John,Doe4
Vasya,Petrov4
Jill,Doe4
Joe,Doe4
Justin,Doe4
Jane,Doe4
John,Doe4
Vasya,Petrov4
Jill,Doe4
Joe,Doe4
Justin,Doe4
Jane,Doe4
John,Doe4
Vasya,Petrov4
Jill,Doe4
Joe,Doe4
Justin,Doe4
Jane,Doe4
John,Doe4
Vasya,Petrov4
Jill,Doe4
Joe,Doe4
Justin,Doe4
Jane,Doe4
John,Doe4
Vasya,Petrov4
Jill,Doe4
Joe,Doe4
Justin,Doe4
Jane,Doe4
John,Doe4
Vasya,Petrov4
Jill,Doe4
Joe,Doe4
Justin,Doe4
Jane,Doe4
John,Doe4
Vasya,Petrov4
Jill,Doe4
Joe,Doe4
Justin,Doe4
Jane,Doe4
John,Doe4
Vasya,Petrov4
Jill,Doe4
Joe,Doe4
Justin,Doe4
Jane,Doe4
John,Doe4
Vasya,Petrov4
Jill,Doe4
Joe,Doe4
Justin,Doe4
Jane,Doe4
John,Doe4
Vasya,Petrov4
Jill,Doe4
Joe,Doe4
Justin,Doe4
Jane,Doe4
John,Doe4
Vasya,Petrov4
Jill,Doe4
Joe,Doe4
Justin,Doe4
Jane,Doe4
John,Doe4
Vasya,Petrov4
Jill,Doe4
Joe,Doe4
Justin,Doe4
Jane,Doe4
John,Doe4
Vasya,Petrov4
Jill,Doe4
Joe,Doe4
Justin,Doe4
Jane,Doe4
John,Doe4
Vasya,Petrov4
Jill,Doe4
Joe,Doe4
Justin,Doe4
Jane,Doe4
John,Doe4
Vasya,Petrov4
Jill,Doe4
Joe,Doe4
Justin,Doe4
Jane,Doe4
John,Doe4
Vasya,Petrov4
Jill,Doe4
Joe,Doe4
Justin,Doe4
Jane,Doe4
John,Doe4
Vasya,Petrov4
Jill,Doe4
Joe,Doe4
Justin,Doe4
Jane,Doe4
John,Doe4
Vasya,Petrov4
Jill,Doe4
Joe,Doe4
Justin,Doe4
Jane,Doe4
John,Doe4
Vasya,Petrov4
Jill,Doe4
Joe,Doe4
Justin,Doe4
Jane,Doe4
John,Doe4
Vasya,Petrov4
Jill,Doe4
Joe,Doe4
Justin,Doe4
Jane,Doe4
John,Doe4
Vasya,Petrov4
Jill,Doe4
Joe,Doe4
Justin,Doe4
Jane,Doe4
John,Doe4
Vasya,Petrov4
Jill,Doe4
Joe,Doe4
Justin,Doe4
Jane,Doe4
John,Doe4
Vasya,Petrov4
Jill,Doe4
Joe,Doe4
Justin,Doe4
Jane,Doe4
John,Doe4
Vasya,Petrov4
Jill,Doe4
Joe,Doe4
Justin,Doe4
Jane,Doe4
John,Doe4
Vasya,Petrov4
Jill,Doe4
Joe,Doe4
Justin,Doe4
Jane,Doe4
John,Doe4
Vasya,Petrov4
Jill,Doe4
Joe,Doe4
Justin,Doe4
Jane,Doe4
John,Doe4
Vasya,Petrov4
Jill,Doe4
Joe,Doe4
Justin,Doe4
Jane,Doe4
John,Doe4
Vasya,Petrov4
Jill,Doe4
Joe,Doe4
Justin,Doe4
Jane,Doe4
John,Doe4
Vasya,Petrov4
Jill,Doe4
Joe,Doe4
Justin,Doe4
Jane,Doe4
John,Doe4
Vasya,Petrov4
Jill,Doe4
Joe,Doe4
Justin,Doe4
Jane,Doe4
John,Doe4
Vasya,Petrov4
Jill,Doe4
Joe,Doe4
Justin,Doe4
Jane,Doe4
John,Doe4
Vasya,Petrov4
Jill,Doe4
Joe,Doe4
Justin,Doe4
Jane,Doe4
John,Doe4
Vasya,Petrov4
Jill,Doe4
Joe,Doe4
Justin,Doe4
Jane,Doe4
John,Doe4
Vasya,Petrov4
Jill,Doe4
Joe,Doe4
Justin,Doe4
Jane,Doe4
John,Doe4
Vasya,Petrov4
Jill,Doe4
Joe,Doe4
Justin,Doe4
Jane,Doe4
John,Doe4
Vasya,Petrov4
Jill,Doe4
Joe,Doe4
Justin,Doe4
Jane,Doe4
John,Doe4
Vasya,Petrov4
Jill,Doe4
Joe,Doe4
Justin,Doe4
Jane,Doe4
John,Doe4
Vasya,Petrov4
Jill,Doe4
Joe,Doe4
Justin,Doe4
Jane,Doe4
John,Doe4
Vasya,Petrov4
Jill,Doe4
Joe,Doe4
Justin,Doe4
Jane,Doe4
John,Doe4
Vasya,Petrov4
Jill,Doe4
Joe,Doe4
Justin,Doe4
Jane,Doe4
John,Doe4
Vasya,Petrov4
Jill,Doe4
Joe,Doe4
Justin,Doe4
Jane,Doe4
John,Doe4
Vasya,Petrov4
Jill,Doe4
Joe,Doe4
Justin,Doe4
Jane,Doe4
John,Doe4
Vasya,Petrov4
Jill,Doe4
Joe,Doe4
Justin,Doe4
Jane,Doe4
John,Doe4
Vasya,Petrov4
Jill,Doe4
Joe,Doe4
Justin,Doe4
Jane,Doe4
John,Doe4
Vasya,Petrov4
Jill,Doe4
Joe,Doe4
Justin,Doe4
Jane,Doe4
John,Doe4
Vasya,Petrov4
Jill,Doe4
Joe,Doe4
Justin,Doe4
Jane,Doe4
John,Doe4
Vasya,Petrov4
Jill,Doe4
Joe,Doe4